CEMSUnit,Plant Code,Boiler ID,Generator ID,Unit Code,Unit Code Method,CCUnit
10029_5,10029,5,GEN5,GEN5,3,10029_GEN5
10030_2,10030,2,,CC1,5,10030_CC1
10034_S-100,10034,S-100,,CC1,5,10034_CC1
1004_CTG1,1004,CTG1,,1,5,1004_1
1004_CTG2,1004,CTG2,,1,5,1004_1
1007_CT5,1007,CT5,1,CC1,2,1007_CC1
1007_CT4,1007,CT4,1,CC1,2,1007_CC1
1007_CT3,1007,CT3,1,CC1,2,1007_CC1
10099_001001,10099,001001,,CC1,5,10099_CC1
1010_1,1010,1,,1,4,1010_1
10156_GEN1,10156,GEN1,GEN1,,6,10156_
10169_D1,10169,D1,,CC1,5,10169_CC1
1016_GT-7,1016,GT-7,,CC1,5,1016_CC1
1016_GT-1,1016,GT-1,,CC1,5,1016_CC1
1016_GT-2,1016,GT-2,,CC1,5,1016_CC1
1016_GT-3,1016,GT-3,,CC1,5,1016_CC1
1016_GT-6,1016,GT-6,,CC1,5,1016_CC1
1016_GT-8,1016,GT-8,,CC1,5,1016_CC1
10190_1,10190,1,,CCCC,5,10190_CCCC
10298_CG802,10298,CG802,,CG802,4,10298_CG802
10298_CG803,10298,CG803,,CG803,4,10298_CG803
10298_CG804,10298,CG804,,CG804,4,10298_CG804
10307_2,10307,2,,CC1,5,10307_CC1
10307_1,10307,1,,CC1,5,10307_CC1
10308_1001,10308,1001,,CC1,5,10308_CC1
10308_1002,10308,1002,,CC1,5,10308_CC1
10350_1,10350,1,,CC1,5,10350_CC1
10405_1,10405,1,,CC1,5,10405_CC1
10567_GT1,10567,GT1,,CC1,5,10567_CC1
10617_1,10617,1,,CC01,5,10617_CC01
10619_00001,10619,00001,,00001,1,10619_00001
10620_1,10620,1,,CC1,5,10620_CC1
10621_1,10621,1,,CC01,5,10621_CC01
10633_3,10633,3,,CC1,5,10633_CC1
10633_2,10633,2,,CC1,5,10633_CC1
10633_1,10633,1,,CC1,5,10633_CC1
10682_GT5,10682,GT5,GT3,BCP,6,10682_BCP
10682_GT4,10682,GT4,GT1,CPP,6,10682_CPP
10725_CTG101,10725,CTG101,GEN1,F801,6,10725_F801
10725_CTG201,10725,CTG201,GEN3,F802,6,10725_F802
10725_CTG301,10725,CTG301,GEN4,F802,6,10725_F802
10726_1,10726,1,,G321,5,10726_G321
10726_2,10726,2,,G321,5,10726_G321
10741_G104,10741,G104,,5,5,10741_5
10741_G102,10741,G102,,5,5,10741_5
10741_G103,10741,G103,,5,5,10741_5
10745_012,10745,012,,1,5,10745_1
10745_003,10745,003,,1,5,10745_1
10745_005,10745,005,,1,5,10745_1
10745_006,10745,006,,1,5,10745_1
10745_007,10745,007,,1,5,10745_1
10745_008,10745,008,,1,5,10745_1
10745_009,10745,009,,1,5,10745_1
10745_010,10745,010,,1,5,10745_1
10745_014,10745,014,,1,5,10745_1
10745_013,10745,013,,1,5,10745_1
10745_011,10745,011,,1,5,10745_1
10745_004,10745,004,,1,5,10745_1
10751_002001,10751,002001,,CC1,5,10751_CC1
10761_1,10761,1,GEN1,CCB1,6,10761_CCB1
10761_2,10761,2,GEN3,CCB2,6,10761_CCB2
10761_3,10761,3,GEN4,CCB2,6,10761_CCB2
10761_4,10761,4,GEN5,CCB3,6,10761_CCB3
10761_5,10761,5,GEN6,CCB3,6,10761_CCB3
10803_2,10803,2,,,5,10803_
10803_1,10803,1,,,5,10803_
10805_002001,10805,002001,,G741,5,10805_G741
117_CC4,117,CC4,C4-2,CC1,2,117_CC1
117_CC5B,117,CC5B,C5-3,CC2,2,117_CC2
117_CC5A,117,CC5A,C5-3,CC2,2,117_CC2
1363_7A,1363,7A,7S,7ABS,2,1363_7ABS
1363_7B,1363,7B,7S,7ABS,2,1363_7ABS
1391_5A,1391,5A,2A,2A,3,1391_2A
1391_4A,1391,4A,2A,2A,3,1391_2A
1396_6-1,1396,6-1,6,CC6,2,1396_CC6
1396_7-2,1396,7-2,7,CC7,2,1396_CC7
1396_7-1,1396,7-1,7,CC7,2,1396_CC7
1403_6B,1403,6B,,PB01,5,1403_PB01
1403_6A,1403,6A,,PB01,5,1403_PB01
1404_7AB,1404,7AB,7C,PB01,2,1404_PB01
1404_7C,1404,7C,,PB01,5,1404_PB01
1416_CTG-6A,1416,CTG-6A,,CTG-6A,4,1416_CTG-6A
1416_CTG-6B,1416,CTG-6B,,CTG-6B,4,1416_CTG-6B
147_K-7,147,K-7,KY7A,KYS7,2,147_KYS7
1588_81,1588,81,ST85,G941,2,1588_G941
1588_82,1588,82,ST85,G941,2,1588_G941
1588_94,1588,94,ST96,G942,2,1588_G942
1588_93,1588,93,ST96,G942,2,1588_G942
1595_4,1595,4,1,CC1,2,1595_CC1
1660_3,1660,3,,POT2,5,1660_POT2
1904_5,1904,5,2,BDS0,2,1904_BDS0
1912_8,1912,8,,HBR0,5,1912_HBR0
1912_7,1912,7,,HBR0,5,1912_HBR0
1927_10,1927,10,,RIV0,5,1927_RIV0
1927_9,1927,9,,RIV0,5,1927_RIV0
201_2,201,2,1,FIT1,2,201_FIT1
2070_6,2070,6,GTG1,CC1,6,2070_CC1
2070_7,2070,7,GTG2,CC2,6,2070_CC2
2079_9,2079,9,9,CC1,2,2079_CC1
2336_6,2336,6,4,G240,6,2336_G240
2336_9,2336,9,10,PB1,2,2336_PB1
2336_8,2336,8,10,PB1,2,2336_PB1
2393_04,2393,04,,CC1,5,2393_CC1
2393_05,2393,05,,CC1,5,2393_CC1
2393_06,2393,06,,CC1,5,2393_CC1
2393_6,2393,06,,CC1,5,2393_CC1
2393_07,2393,07,,CC1,5,2393_CC1
2393_7,2393,07,,CC1,5,2393_CC1
2393_5,2393,05,,CC1,5,2393_CC1
2393_4,2393,04,,CC1,5,2393_CC1
2398_1101,2398,1101,1501,CC1,2,2398_CC1
2398_1201,2398,1201,1501,CC1,2,2398_CC1
2398_1301,2398,1301,1501,CC1,2,2398_CC1
2398_1401,2398,1401,1501,CC1,2,2398_CC1
2398_2101,2398,2101,2301,CC1,2,2398_CC1
2398_2201,2398,2201,2301,CC1,2,2398_CC1
2406_1201,2406,1201,1201,CC1,6,2406_CC1
2406_1101,2406,1101,1101,CC1,6,2406_CC1
2406_2101,2406,2101,2101,CC2,6,2406_CC2
2406_2201,2406,2201,2201,CC2,6,2406_CC2
2493_1,2493,1,,1,4,2493_1
2493_2,2493,2,,2,4,2493_2
2500_UCC001,2500,UCC001,,CCR4,5,2500_CCR4
2539_10001,2539,10001,,CC1,5,2539_CC1
2539_10003,2539,10003,,CC1,5,2539_CC1
2539_10002,2539,10002,,CC1,5,2539_CC1
260_1A,260,1A,CT1A,CC1,6,260_CC1
260_2A,260,2A,CT1B,CC1,6,260_CC1
260_4A,260,4A,CT2B,CC2,6,260_CC2
260_3A,260,3A,CT2A,CC2,6,260_CC2
2682_20,2682,20,,20,4,2682_20
2709_01A,2709,01A,,01A,4,2709_01A
2709_01B,2709,01B,,01B,4,2709_01B
2709_01C,2709,01C,,01C,4,2709_01C
2713_01A,2713,01A,,01A,4,2713_01A
2713_01B,2713,01B,,01B,4,2713_01B
2720_12C,2720,12C,,CC1,5,2720_CC1
2720_11C,2720,11C,,CC1,5,2720_CC1
2723_8C,2723,8C,,CC1,5,2723_CC1
2723_9C,2723,9C,,CC1,5,2723_CC1
2951_7,2951,7,ST7,ST7,3,2951_ST7
2963_3301B,2963,3301B,1,NE1S,2,2963_NE1S
2963_3301A,2963,3301A,1,NE1S,2,2963_NE1S
3006_4,3006,4,4,4,3,3006_4
3006_5,3006,5,5,5,3,3006_5
3006_6,3006,6,6,6,3,3006_6
3096_2A,3096,2A,,BICC,5,3096_BICC
3096_2B,3096,2B,,BICC,5,3096_BICC
3096_3,3096,3,,BICC,5,3096_BICC
3176_CT5,3176,CT5,,HUN1,5,3176_HUN1
3176_CT6,3176,CT6,,HUN1,5,3176_HUN1
3236_10,3236,10,G10A,321,6,3236_321
3236_11,3236,11,G11A,322,6,3236_322
3236_9,3236,9,GE9A,323,6,3236_323
3295_URQ5,3295,URQ5,CT1,UR15,6,3295_UR15
3295_URQ6,3295,URQ6,CT2,UR26,6,3295_UR26
330_5,330,5,,5,4,330_5
330_7,330,7,,7,4,330_7
3405_JCC1,3405,JCC1,,CC1,5,3405_CC1
3405_JCC3,3405,JCC3,,CC1,5,3405_CC1
3405_JCC2,3405,JCC2,,CC1,5,3405_CC1
3441_8,3441,8,7,CC1,2,3441_CC1
3441_9,3441,9,7,CC1,2,3441_CC1
3443_9,3443,9,,CC1,5,3443_CC1
3456_GT-6A,3456,GT-6A,CT1,4CC,6,3456_4CC
3456_GT-6B,3456,GT-6B,CT2,4CC,6,3456_4CC
3456_**4,3456,**4,5CT1,5CC,6,3456_5CC
3456_**5,3456,**5,5CT2,5CC,6,3456_5CC
3469_THW34,3469,THW34,34,THW3,6,3469_THW3
3469_THW31,3469,THW31,31,THW3,6,3469_THW3
3469_THW33,3469,THW33,33,THW3,6,3469_THW3
3469_THW32,3469,THW32,32,THW3,6,3469_THW3
3469_THW44,3469,THW44,44,THW4,6,3469_THW4
3469_THW42,3469,THW42,42,THW4,6,3469_THW4
3469_THW41,3469,THW41,41,THW4,6,3469_THW4
3469_THW43,3469,THW43,43,THW4,6,3469_THW4
3559_9,3559,9,,CC1,5,3559_CC1
358_3-2,358,3-2,MV3B,3,6,358_3
358_3-1,358,3-1,MV3A,3,6,358_3
358_4-2,358,4-2,MV4B,4,6,358_4
358_4-1,358,4-1,MV4A,4,6,358_4
3604_GT1,3604,GT1,,MGL8,5,3604_MGL8
3612_CT01,3612,CT01,,CT01,4,3612_CT01
3612_CT02,3612,CT02,,CT02,4,3612_CT02
3631_CT7,3631,CT7,,CC1,5,3631_CC1
3631_CT8,3631,CT8,,CC1,5,3631_CC1
3631_CT9,3631,CT9,,CC1,5,3631_CC1
3797_**8A,3797,**8A,CT7,CH7,6,3797_CH7
3797_7,3797,7,CT8,CH8,6,3797_CH8
3804_6A,3804,6A,6ST,G784,2,3804_G784
3804_6B,3804,6B,6ST,G784,2,3804_G784
389_2-2,389,2-2,2A,STM2,6,389_STM2
389_3-1,389,3-1,31,STM3,6,389_STM3
389_3-2,389,3-2,32,STM3,6,389_STM3
399_**10B,399,**10B,,CC1,5,399_CC1
399_**10A,399,**10A,,CC1,5,399_CC1
3_6A,3,6A,A1ST,G521,2,3_G521
3_6B,3,6B,A1ST,G521,2,3_G521
3_7A,3,7A,A2ST,G522,2,3_G522
3_7B,3,7B,A2ST,G522,2,3_G522
400_9,400,9,,CC1,5,400_CC1
400_10,400,10,,CC1,5,400_CC1
4040_11,4040,11,1CT1,PWG1,6,4040_PWG1
4040_12,4040,12,1CT2,PWG1,6,4040_PWG1
4040_22,4040,22,2CT2,PWG2,6,4040_PWG2
4040_21,4040,21,2CT1,PWG2,6,4040_PWG2
404_4,404,4,5,CC1,2,404_CC1
408_7,408,7,8,CC1,2,408_CC1
408_6,408,6,8,CC1,2,408_CC1
469_6,469,6,,CHR0,5,469_CHR0
469_5,469,5,,CHR0,5,469_CHR0
4937_CT-2,4937,CT-2,STG,CC1,2,4937_CC1
4937_CT-1,4937,CT-1,STG,CC1,2,4937_CC1
4939_4,4939,4,2,CC1,2,4939_CC1
4939_3,4939,3,2,CC1,2,4939_CC1
50002_2,50002,2,,CC1,5,50002_CC1
50002_3,50002,3,,CC1,5,50002_CC1
50002_1,50002,1,,CC1,5,50002_CC1
50006_004001,50006,004001,,CC1,5,50006_CC1
50006_005001,50006,005001,,CC1,5,50006_CC1
50006_006001,50006,006001,,CC1,5,50006_CC1
50006_007001,50006,007001,,CC1,5,50006_CC1
50006_008001,50006,008001,,CC1,5,50006_CC1
50006_009001,50006,009001,,CC1,5,50006_CC1
50109_HRSG1,50109,HRSG1,GEN3,CC1,2,50109_CC1
50109_HRSG2,50109,HRSG2,GEN3,CC1,2,50109_CC1
50243_GEN4,50243,GEN4,,GEN4,4,50243_GEN4
50292_GT2,50292,GT2,GEN2,G602,6,50292_G602
50292_GT1,50292,GT1,GEN1,G602,6,50292_G602
50292_GT4,50292,GT4,GEN6,G603,6,50292_G603
50368_CT1,50368,CT1,CT1,CT1,6,50368_CT1
50368_CT2,50368,CT2,CT2,CT2,6,50368_CT2
50385_1001,50385,1001,,CC1,5,50385_CC1
50385_2001,50385,2001,,CC1,5,50385_CC1
50449_1,50449,1,,G722,5,50449_G722
50450_1,50450,1,,CC1,5,50450_CC1
50451_1,50451,1,,CC1,5,50451_CC1
50458_1,50458,1,,G723,5,50458_G723
50497_004001,50497,004001,,CC1,5,50497_CC1
50497_002001,50497,002001,,CC1,5,50497_CC1
50497_001001,50497,001001,,CC1,5,50497_CC1
50498_GT,50498,GT,,CC1,5,50498_CC1
50555_2,50555,2,,G785,5,50555_G785
50555_1,50555,1,,G785,5,50555_G785
50558_CC01,50558,CC01,,CC01,5,50558_CC01
50561_0002,50561,0002,STG1,CC1,2,50561_CC1
50561_0001,50561,0001,STG1,CC1,2,50561_CC1
50625_61STK1,50625,61STK1,,61STK1,4,50625_61STK1
50625_61STK2,50625,61STK2,,61STK2,4,50625_61STK2
50625_61STK3,50625,61STK3,,61STK3,4,50625_61STK3
50627_20B1,50627,20B1,,20B1,4,50627_20B1
50628_749001,50628,749001,,749001,4,50628_749001
50707_S003,50707,S003,,J272,5,50707_J272
50707_S002,50707,S002,,J272,5,50707_J272
50707_S001,50707,S001,,J272,5,50707_J272
50707_S004,50707,S004,,J272,5,50707_J272
50707_S005,50707,S005,,J272,5,50707_J272
50744_00001,50744,00001,,CC1,5,50744_CC1
50799_003001,50799,003001,,PEC,5,50799_PEC
50799_001001,50799,001001,,PEC,5,50799_PEC
50815_ENG601,50815,ENG601,,CC1,5,50815_CC1
50815_ENG101,50815,ENG101,,CC1,5,50815_CC1
50815_ENG501,50815,ENG501,,CC1,5,50815_CC1
50815_ENG401,50815,ENG401,,CC1,5,50815_CC1
50815_ENG201,50815,ENG201,,CC1,5,50815_CC1
50815_ENG301,50815,ENG301,,CC1,5,50815_CC1
50852_002001,50852,002001,,CC1,5,50852_CC1
50949_CT1B,50949,CT1B,,CC01,5,50949_CC01
50949_CT1A,50949,CT1A,,CC01,5,50949_CC01
50966_2,50966,2,3,G781,2,50966_G781
50966_1,50966,1,3,G781,2,50966_G781
50978_A,50978,A,,CC1,5,50978_CC1
50978_B,50978,B,,CC1,5,50978_CC1
51030_2,51030,2,,OSP1,5,51030_OSP1
51030_1,51030,1,,OSP1,5,51030_OSP1
52019_501,52019,501,GEN1,UNT5,6,52019_UNT5
52019_502,52019,502,GEN2,UNT5,6,52019_UNT5
52019_602,52019,602,GEN5,UNT6,6,52019_UNT6
52019_601,52019,601,GEN4,UNT6,6,52019_UNT6
52026_1,52026,1,,CC1,5,52026_CC1
52056_00004,52056,00004,,CC1,5,52056_CC1
52088_GT-C,52088,GT-C,,CC1,5,52088_CC1
52088_GT-B,52088,GT-B,,CC1,5,52088_CC1
52088_GT-A,52088,GT-A,,CC1,5,52088_CC1
52168_00004,52168,00004,,00004,4,52168_00004
52168_00006,52168,00006,,00006,4,52168_00006
52176_2,52176,2,,CC1,5,52176_CC1
52176_1,52176,1,,CC1,5,52176_CC1
533_**4,533,**4,4,MCWM,6,533_MCWM
533_**V2,533,**V2,VAN2,VANN,6,533_VANN
533_**V1,533,**V1,VAN1,VANN,6,533_VANN
54034_1GTDBS,54034,1GTDBS,,G701,5,54034_G701
54041_011854,54041,011854,,LEA1,5,54041_LEA1
54041_011855,54041,011855,,LEA1,5,54041_LEA1
54041_011856,54041,011856,,LEA1,5,54041_LEA1
54056_1,54056,1,,CC1,5,54056_CC1
54076_1,54076,1,,G721,5,54076_G721
54096_X026,54096,X026,,CC01,5,54096_CC01
54114_GT2,54114,GT2,,CC1,5,54114_CC1
54114_GT1,54114,GT1,,CC1,5,54114_CC1
54131_NTCT1,54131,NTCT1,,CC1,5,54131_CC1
54324_4,54324,4,,OSP2,5,54324_OSP2
54324_3,54324,3,,OSP2,5,54324_OSP2
54365_1,54365,1,,CC1,5,54365_CC1
54365_2,54365,2,,CC1,5,54365_CC1
54424_EU001,54424,EU001,,CC1,5,54424_CC1
54424_EU002,54424,EU002,,CC1,5,54424_CC1
54426_1,54426,1,,CC1,5,54426_CC1
54466_1,54466,1,,1,4,54466_1
54476_CT-1,54476,CT-1,,CC1,5,54476_CC1
54537_CT-1A,54537,CT-1A,,CC1,5,54537_CC1
54537_CT-1B,54537,CT-1B,,CC1,5,54537_CC1
54547_2,54547,2,2,BLK1,6,54547_BLK1
54547_1,54547,1,1,BLK1,6,54547_BLK1
54547_4,54547,4,4,BLK2,6,54547_BLK2
54547_3,54547,3,3,BLK2,6,54547_BLK2
54571_001,54571,001,,001,1,54571_001
54571_002,54571,002,,002,1,54571_002
54574_00001,54574,00001,,CA,5,54574_CA
54574_00002,54574,00002,,CA,5,54574_CA
54586_2,54586,2,TRENT,CC1,6,54586_CC1
54592_001,54592,001,,CC1,5,54592_CC1
54593_1,54593,1,,CC01,5,54593_CC01
54640_002001,54640,002001,,LCLP,5,54640_LCLP
54640_001001,54640,001001,,LCLP,5,54640_LCLP
54761_1,54761,1,GEN2,CC1,6,54761_CC1
54761_2,54761,2,GEN4,CC2,6,54761_CC2
54785_2,54785,2,,CC1,5,54785_CC1
54805_1,54805,1,,ST-1,5,54805_ST-1
54817_EAST,54817,EAST,,CC01,5,54817_CC01
54832_1,54832,1,,F701,5,54832_F701
54832_2,54832,2,,F701,5,54832_F701
54844_1,54844,1,GOR3,G782,2,54844_G782
54844_2,54844,2,GOR4,G783,2,54844_G783
54914_1,54914,1,01,CC1,6,54914_CC1
54914_2,54914,2,02,CC2,6,54914_CC2
54915_1,54915,1,,CC1,5,54915_CC1
55010_01,55010,01,,CC1,5,55010_CC1
55011_01,55011,01,,CC1,5,55011_CC1
55026_1,55026,1,,1,4,55026_1
55040_2,55040,2,,CC01,5,55040_CC01
55040_1,55040,1,,CC01,5,55040_CC01
55041_1,55041,1,,1,4,55041_1
55042_BE1,55042,BE1,,BPE1,5,55042_BPE1
55042_BE2,55042,BE2,,BPE1,5,55042_BPE1
55043_CCCP1,55043,CCCP1,,CC1,5,55043_CC1
55047_CG-1,55047,CG-1,CTG1,P1,6,55047_P1
55047_CG-2,55047,CG-2,CTG2,P2,6,55047_P2
55047_CG-3,55047,CG-3,CTG3,P2,6,55047_P2
55048_1,55048,1,UNT1,1226,6,55048_1226
55062_3,55062,3,,STG1,5,55062_STG1
55062_2,55062,2,,STG1,5,55062_STG1
55062_1,55062,1,,STG1,5,55062_STG1
55063_1,55063,1,CTG1,CC1,6,55063_CC1
55063_2,55063,2,CTG2,CC2,6,55063_CC2
55063_3,55063,3,CTG3,CC3,6,55063_CC3
55065_1,55065,1,,CC1,5,55065_CC1
55065_2,55065,2,,CC1,5,55065_CC1
55068_1,55068,1,,CC1,5,55068_CC1
55068_2,55068,2,,CC1,5,55068_CC1
55075_CT-1,55075,CT-1,,CC01,5,55075_CC01
55077_EDE1,55077,EDE1,,CC1,5,55077_CC1
55077_EDE2,55077,EDE2,,CC1,5,55077_CC1
55079_1,55079,1,,CC01,5,55079_CC01
55086_102,55086,102,,CC1,5,55086_CC1
55086_101,55086,101,,CC1,5,55086_CC1
55087_CC3,55087,CC3,,PHS2,5,55087_PHS2
55087_CC4,55087,CC4,,PHS2,5,55087_PHS2
55088_GT2100,55088,GT2100,,GT2100,4,55088_GT2100
55088_GT3100,55088,GT3100,,GT3100,4,55088_GT3100
55089_CT3,55089,CT3,,CC1,5,55089_CC1
55089_CT1,55089,CT1,,CC1,5,55089_CC1
55089_CT2,55089,CT2,,CC1,5,55089_CC1
55091_STK1,55091,STK1,,STK1,4,55091_STK1
55091_STK2,55091,STK2,,STK2,4,55091_STK2
55091_STK3,55091,STK3,,STK3,4,55091_STK3
55091_STK4,55091,STK4,,STK4,4,55091_STK4
55091_STK5,55091,STK5,,STK5,4,55091_STK5
55091_STK6,55091,STK6,,STK6,4,55091_STK6
55097_1,55097,1,CTG1,BLK1,6,55097_BLK1
55097_2,55097,2,CTG2,BLK1,6,55097_BLK1
55097_4,55097,4,CTG4,BLK2,6,55097_BLK2
55097_3,55097,3,CTG3,BLK2,6,55097_BLK2
55098_1,55098,1,,1,1,55098_1
55098_2,55098,2,,2,1,55098_2
55100_1,55100,1,,CC1,5,55100_CC1
55103_CT2,55103,CT2,,CC1,5,55103_CC1
55103_CT1,55103,CT1,,CC1,5,55103_CC1
55104_SAB-2,55104,SAB-2,,CC1,5,55104_CC1
55104_SAB-1,55104,SAB-1,,CC1,5,55104_CC1
55107_RISEP2,55107,RISEP2,,CC1,5,55107_CC1
55107_RISEP1,55107,RISEP1,,CC1,5,55107_CC1
55112_CT02,55112,CT02,,CC1,5,55112_CC1
55112_CT01,55112,CT01,,CC1,5,55112_CC1
55117_RS-5,55117,RS-5,,CC1,5,55117_CC1
55117_RS-6,55117,RS-6,,CC1,5,55117_CC1
55120_CTG-1,55120,CTG-1,,CTG-1,1,55120_CTG-1
55120_CTG-2,55120,CTG-2,,CTG-2,1,55120_CTG-2
55123_CTG-2,55123,CTG-2,,STG,5,55123_STG
55123_CTG-1,55123,CTG-1,,STG,5,55123_STG
55124_P1,55124,P1,,1111,5,55124_1111
55124_P2,55124,P2,,1111,5,55124_1111
55126_CT01,55126,CT01,,CT01,4,55126_CT01
55126_CT02,55126,CT02,,CT02,4,55126_CT02
55129_DBG2,55129,DBG2,,STG3,5,55129_STG3
55129_DBG1,55129,DBG1,,STG3,5,55129_STG3
55131_GTG-1,55131,GTG-1,CTG1,KEN1,6,55131_KEN1
55131_GTG-2,55131,GTG-2,CTG2,KEN2,6,55131_KEN2
55131_GTG-3,55131,GTG-3,CTG3,KEN3,6,55131_KEN3
55131_GTG-4,55131,GTG-4,CTG4,KEN4,6,55131_KEN4
55132_OGTDB3,55132,OGTDB3,,STG1,5,55132_STG1
55132_OGTDB2,55132,OGTDB2,,STG1,5,55132_STG1
55132_OGTDB1,55132,OGTDB1,,STG1,5,55132_STG1
55137_CTG-3,55137,CTG-3,,CC1,5,55137_CC1
55137_CTG-2,55137,CTG-2,,CC1,5,55137_CC1
55137_CTG-1,55137,CTG-1,,CC1,5,55137_CC1
55139_CTG1,55139,CTG1,,BLK1,5,55139_BLK1
55139_CTG2,55139,CTG2,,BLK1,5,55139_BLK1
55144_STK1,55144,STK1,,STK1,4,55144_STK1
55144_STK2,55144,STK2,,STK2,4,55144_STK2
55144_STK3,55144,STK3,,STK3,4,55144_STK3
55144_STK4,55144,STK4,,STK4,4,55144_STK4
55146_CTGEN1,55146,CTGEN1,CTG1,G841,6,55146_G841
55146_CTGEN2,55146,CTGEN2,CTG2,G842,6,55146_G842
55146_CTGEN3,55146,CTGEN3,CTG3,G843,6,55146_G843
55149_LRG1,55149,LRG1,,LRG1,4,55149_LRG1
55149_LRG2,55149,LRG2,,LRG2,4,55149_LRG2
55149_LRG3,55149,LRG3,,LRG3,4,55149_LRG3
55151_CTG-1,55151,CTG-1,,CTG-1,4,55151_CTG-1
55151_CTG-2,55151,CTG-2,,CTG-2,4,55151_CTG-2
55151_CTG-3,55151,CTG-3,,CTG-3,4,55151_CTG-3
55151_CTG-4,55151,CTG-4,,CTG-4,4,55151_CTG-4
55153_CTG-1,55153,CTG-1,CTG1,STG1,6,55153_STG1
55153_CTG-2,55153,CTG-2,CTG2,STG1,6,55153_STG1
55153_CTG-3,55153,CTG-3,CTG3,STG2,6,55153_STG2
55153_CTG-4,55153,CTG-4,CTG4,STG2,6,55153_STG2
55154_1,55154,1,ST,CC1,2,55154_CC1
55154_2,55154,2,ST,CC1,2,55154_CC1
55168_CTG-1B,55168,CTG-1B,,CC1,5,55168_CC1
55168_CTG-1A,55168,CTG-1A,,CC1,5,55168_CC1
55170_0001,55170,0001,,CC1,5,55170_CC1
55170_0002,55170,0002,,CC1,5,55170_CC1
55172_GT-2,55172,GT-2,GT-2,G125,6,55172_G125
55172_GT-1,55172,GT-1,GT-1,G125,6,55172_G125
55172_GT-3,55172,GT-3,GT-3,G641,6,55172_G641
55173_CT1,55173,CT1,CT11,PB01,6,55173_PB01
55173_CT2,55173,CT2,CT12,PB01,6,55173_PB01
55173_CT3,55173,CT3,CT24,PB02,6,55173_PB02
55173_CT4,55173,CT4,CT25,PB02,6,55173_PB02
55176_2,55176,2,,CC1,5,55176_CC1
55176_1,55176,1,,CC1,5,55176_CC1
55177_B,55177,B,,CC1,5,55177_CC1
55177_A,55177,A,,CC1,5,55177_CC1
55178_CT-2,55178,CT-2,,CC1,5,55178_CC1
55178_CT-1,55178,CT-1,,CC1,5,55178_CC1
55179_CTGEN1,55179,CTGEN1,,CC1,5,55179_CC1
55182_CTG2,55182,CTG2,,CC1,5,55182_CC1
55182_CTG1,55182,CTG1,,CC1,5,55182_CC1
55183_1,55183,1,CT1,BLK1,6,55183_BLK1
55183_2,55183,2,CT2,BLK2,6,55183_BLK2
55187_CHV2,55187,CHV2,,CC1,5,55187_CC1
55187_CHV3,55187,CHV3,,CC1,5,55187_CC1
55187_CHV4,55187,CHV4,,CC1,5,55187_CC1
55187_CHV1,55187,CHV1,,CC1,5,55187_CC1
55188_1,55188,1,,CC1,5,55188_CC1
55188_2,55188,2,,CC1,5,55188_CC1
55193_CT1,55193,CT1,,CC01,5,55193_CC01
55193_CT2,55193,CT2,,CC01,5,55193_CC01
55197_AA-001,55197,AA-001,CTG1,CCC1,6,55197_CCC1
55197_AA-002,55197,AA-002,CTG2,CCC2,6,55197_CCC2
55197_AA-003,55197,AA-003,CTG3,CCC3,6,55197_CCC3
55200_CT6,55200,CT6,,A567,5,55200_A567
55200_CT5,55200,CT5,,A567,5,55200_A567
55206_CU2,55206,CU2,,CCEC,5,55206_CCEC
55206_CU1,55206,CU1,,CCEC,5,55206_CCEC
55210_0001,55210,0001,,CC1,5,55210_CC1
55211_1,55211,1,,1,4,55211_1
55211_2,55211,2,,2,4,55211_2
55212_1,55212,1,,1,4,55212_1
55212_2,55212,2,,2,4,55212_2
55215_GT1,55215,GT1,CTG1,BLK1,6,55215_BLK1
55215_GT2,55215,GT2,CTG2,BLK1,6,55215_BLK1
55215_GT3,55215,GT3,CTG3,BLK2,6,55215_BLK2
55215_GT4,55215,GT4,CTG4,BLK2,6,55215_BLK2
55216_CTG3,55216,CTG3,,MCG1,5,55216_MCG1
55216_CTG2,55216,CTG2,,MCG1,5,55216_MCG1
55216_CTG1,55216,CTG1,,MCG1,5,55216_MCG1
55217_X724,55217,X724,,CC1,5,55217_CC1
55217_X725,55217,X725,,CC1,5,55217_CC1
55218_H02,55218,H02,H03,PB01,2,55218_PB01
55218_H01,55218,H01,H03,PB01,2,55218_PB01
55220_A01,55220,A01,,PB01,5,55220_PB01
55220_A02,55220,A02,,PB01,5,55220_PB01
55221_G2,55221,G2,,OSW1,5,55221_OSW1
55221_G3,55221,G3,,OSW1,5,55221_OSW1
55221_G4,55221,G4,,OSW1,5,55221_OSW1
55221_G5,55221,G5,,OSW1,5,55221_OSW1
55221_G6,55221,G6,,OSW1,5,55221_OSW1
55221_G7,55221,G7,,OSW1,5,55221_OSW1
55221_G1,55221,G1,,OSW1,5,55221_OSW1
55223_GT-1,55223,GT-1,,CC1,5,55223_CC1
55225_CTG-1,55225,CTG-1,CTG1,BLK1,6,55225_BLK1
55225_CTG-2,55225,CTG-2,CTG2,BLK1,6,55225_BLK1
55225_CTG-3,55225,CTG-3,CTG3,BLK2,6,55225_BLK2
55225_CTG-4,55225,CTG-4,CTG4,BLK2,6,55225_BLK2
55226_GT1,55226,GT1,GT1,PB1,6,55226_PB1
55226_GT2,55226,GT2,GT2,PB1,6,55226_PB1
55226_GT3,55226,GT3,GT3,PB2,6,55226_PB2
55226_GT4,55226,GT4,GT4,PB2,6,55226_PB2
55230_CT-1,55230,CT-1,CT1,CC01,6,55230_CC01
55230_CT-2,55230,CT-2,CT2,CC01,6,55230_CC01
55230_CT-3,55230,CT-3,CT3,CC02,6,55230_CC02
55230_CT-4,55230,CT-4,CT4,CC02,6,55230_CC02
55231_0002,55231,0002,,CC1,5,55231_CC1
55231_0001,55231,0001,,CC1,5,55231_CC1
55239_3,55239,3,,CC1,5,55239_CC1
55239_2,55239,2,,CC1,5,55239_CC1
55239_1,55239,1,,CC1,5,55239_CC1
55241_COG01,55241,COG01,,CC1,5,55241_CC1
55242_CT-1,55242,CT-1,,CC1,5,55242_CC1
55259_CT1,55259,CT1,,CC1,5,55259_CC1
55259_CT2,55259,CT2,,CC1,5,55259_CC1
55269_AA-001,55269,AA-001,CTG1,SCC1,6,55269_SCC1
55269_AA-002,55269,AA-002,CTG2,SCC2,6,55269_SCC2
55269_AA-003,55269,AA-003,CTG3,SCC3,6,55269_SCC3
55270_LM4,55270,LM4,,CC1,5,55270_CC1
55270_LM6,55270,LM6,,CC1,5,55270_CC1
55270_LM5,55270,LM5,,CC1,5,55270_CC1
55270_LM3,55270,LM3,,CC1,5,55270_CC1
55270_7EA,55270,7EA,,CC1,5,55270_CC1
55270_LM1,55270,LM1,,CC1,5,55270_CC1
55270_LM2,55270,LM2,,CC1,5,55270_CC1
55271_CT2,55271,CT2,,STG1,5,55271_STG1
55271_CT3,55271,CT3,,STG1,5,55271_STG1
55271_CT1,55271,CT1,,STG1,5,55271_STG1
55282_CTG1,55282,CTG1,,CC1,5,55282_CC1
55282_CTG2,55282,CTG2,,CC1,5,55282_CC1
55283_1,55283,1,,CC1,5,55283_CC1
55283_2,55283,2,,CC1,5,55283_CC1
55292_CTG-2,55292,CTG-2,,CC01,5,55292_CC01
55292_CTG-3,55292,CTG-3,,CC01,5,55292_CC01
55292_CTG-1,55292,CTG-1,,CC01,5,55292_CC01
55293_CT-3,55293,CT-3,,CC1,5,55293_CC1
55293_CT-1,55293,CT-1,,CC1,5,55293_CC1
55293_CT-2,55293,CT-2,,CC1,5,55293_CC1
55294_1,55294,1,,CC1,5,55294_CC1
55294_2,55294,2,,CC1,5,55294_CC1
55295_2,55295,2,,CC1,5,55295_CC1
55295_1,55295,1,,CC1,5,55295_CC1
55297_001,55297,001,1,CTG1,6,55297_CTG1
55297_002,55297,002,2,CTG2,6,55297_CTG2
55297_003,55297,003,3,CTG3,6,55297_CTG3
55298_1A,55298,1A,CT1A,BLK1,6,55298_BLK1
55298_1B,55298,1B,CT1B,BLK1,6,55298_BLK1
55298_2A,55298,2A,CT2A,BLK2,6,55298_BLK2
55298_2B,55298,2B,CT2B,BLK2,6,55298_BLK2
55299_CTG1,55299,CTG1,,CC1,5,55299_CC1
55299_CTG2,55299,CTG2,,CC1,5,55299_CC1
55299_CTG3,55299,CTG3,,CC1,5,55299_CC1
55306_4CTGB,55306,4CTGB,,BL04,5,55306_BL04
55306_4CTGA,55306,4CTGA,,BL04,5,55306_BL04
55306_3CTGB,55306,3CTGB,,BL04,5,55306_BL04
55306_3CTGA,55306,3CTGA,,BL04,5,55306_BL04
55306_2CTGB,55306,2CTGB,,BL04,5,55306_BL04
55306_2CTGA,55306,2CTGA,,BL04,5,55306_BL04
55306_1CTGB,55306,1CTGB,,BL04,5,55306_BL04
55306_1CTGA,55306,1CTGA,,BL04,5,55306_BL04
55317_12,55317,12,ST15,G942,2,55317_G942
55317_11,55317,11,ST15,G942,2,55317_G942
55320_GT-1,55320,GT-1,,CC1,5,55320_CC1
55320_GT-2,55320,GT-2,,CC1,5,55320_CC1
55322_CTG-1,55322,CTG-1,CTG1,PB1,6,55322_PB1
55322_CTG-2,55322,CTG-2,CTG2,PB1,6,55322_PB1
55322_CTG-3,55322,CTG-3,CTG3,PB2,6,55322_PB2
55322_CTG-4,55322,CTG-4,CTG4,PB2,6,55322_PB2
55327_CTG-3,55327,CTG-3,,CC1,5,55327_CC1
55327_CTG-1,55327,CTG-1,,CC1,5,55327_CC1
55327_CTG-2,55327,CTG-2,,CC1,5,55327_CC1
55328_CTG-2,55328,CTG-2,,CC1,5,55328_CC1
55328_CTG-1,55328,CTG-1,,CC1,5,55328_CC1
55333_3,55333,3,,CC1,5,55333_CC1
55333_2,55333,2,,CC1,5,55333_CC1
55333_1,55333,1,,CC1,5,55333_CC1
55334_CTG2,55334,CTG2,,CC1,5,55334_CC1
55334_CTG1,55334,CTG1,,CC1,5,55334_CC1
55337_0002,55337,0002,,CC02,5,55337_CC02
55337_0001,55337,0001,,CC02,5,55337_CC02
55340_2,55340,2,,CC2,5,55340_CC2
55340_1,55340,1,,CC2,5,55340_CC2
55343_CTG1,55343,CTG1,,CC1,5,55343_CC1
55343_CTG2,55343,CTG2,,CC1,5,55343_CC1
55345_CTG-2,55345,CTG-2,,CC1,5,55345_CC1
55345_CTG-1,55345,CTG-1,,CC1,5,55345_CC1
55350_1B,55350,1B,,CC1,5,55350_CC1
55350_1A,55350,1A,,CC1,5,55350_CC1
55357_CTG1,55357,CTG1,CTG1,STG1,6,55357_STG1
55357_CTG2,55357,CTG2,CTG2,STG1,6,55357_STG1
55358_CT1,55358,CT1,CT1,ST1,6,55358_ST1
55358_CT2,55358,CT2,CT2,ST2,6,55358_ST2
55358_CT3,55358,CT3,CT3,ST3,6,55358_ST3
55358_CT4,55358,CT4,CT4,ST4,6,55358_ST4
55364_CT12,55364,CT12,CT02,CC1,6,55364_CC1
55364_CT11,55364,CT11,CT01,CC1,6,55364_CC1
55372_CTG1,55372,CTG1,CTG1,BLK1,6,55372_BLK1
55372_CTG2,55372,CTG2,CTG2,BLK2,6,55372_BLK2
55372_CTG3,55372,CTG3,CTG3,BLK3,6,55372_BLK3
55375_CT1,55375,CT1,,CC1,5,55375_CC1
55375_CT3,55375,CT3,,CC1,5,55375_CC1
55375_CT2,55375,CT2,,CC1,5,55375_CC1
55375_CT4,55375,CT4,,CC1,5,55375_CC1
55380_CTG-1,55380,CTG-1,CTG1,BL01,6,55380_BL01
55380_CTG-2,55380,CTG-2,CTG2,BL01,6,55380_BL01
55380_CTG-3,55380,CTG-3,CTG3,BL02,6,55380_BL02
55380_CTG-4,55380,CTG-4,CTG4,BL02,6,55380_BL02
55380_CTG-6,55380,CTG-6,CTG6,BL03,6,55380_BL03
55380_CTG-5,55380,CTG-5,CTG5,BL03,6,55380_BL03
55380_CTG-7,55380,CTG-7,CTG7,BL04,6,55380_BL04
55380_CTG-8,55380,CTG-8,CTG8,BL04,6,55380_BL04
55382_CCCT2,55382,CCCT2,1GT2,1,6,55382_1
55382_CCCT1,55382,CCCT1,1GT1,1,6,55382_1
55382_CCCT3,55382,CCCT3,2GT1,2,6,55382_2
55382_CCCT4,55382,CCCT4,2GT2,2,6,55382_2
55386_CT-2,55386,CT-2,,CC1,5,55386_CC1
55386_CT-1,55386,CT-1,,CC1,5,55386_CC1
55393_2,55393,2,,CC1,5,55393_CC1
55393_1,55393,1,,CC1,5,55393_CC1
55397_CT1,55397,CT1,,CC1,5,55397_CC1
55397_CT2,55397,CT2,,CC1,5,55397_CC1
55400_CTG-2,55400,CTG-2,,G541,5,55400_G541
55400_CTG-1,55400,CTG-1,,G541,5,55400_G541
55404_COG01,55404,COG01,,CC1,5,55404_CC1
55404_COG02,55404,COG02,,CC1,5,55404_CC1
55405_1,55405,1,CT1,3668,6,55405_3668
55405_2,55405,2,CT2,3670,6,55405_3670
55405_3,55405,3,CT3,3677,6,55405_3677
55406_2,55406,2,,CC01,5,55406_CC01
55406_1,55406,1,,CC01,5,55406_CC01
55411_CT1,55411,CT1,,CC1,5,55411_CC1
55411_CT2,55411,CT2,,CC1,5,55411_CC1
55412_CT1,55412,CT1,,COEC,5,55412_COEC
55412_CT2,55412,CT2,,COEC,5,55412_COEC
55418_CT-2,55418,CT-2,CT2,PB01,6,55418_PB01
55418_CT-1,55418,CT-1,CT1,PB01,6,55418_PB01
55419_800,55419,800,,CC2,5,55419_CC2
55419_700,55419,700,,CC2,5,55419_CC2
55419_600,55419,600,,CC2,5,55419_CC2
55419_500,55419,500,,CC2,5,55419_CC2
55439_CTGDB2,55439,CTGDB2,,STG1,5,55439_STG1
55439_CTGDB3,55439,CTGDB3,,STG1,5,55439_STG1
55439_CTGDB1,55439,CTGDB1,,STG1,5,55439_STG1
55440_CTGDB2,55440,CTGDB2,,STG1,5,55440_STG1
55440_CTGDB1,55440,CTGDB1,,STG1,5,55440_STG1
55440_CTGDB3,55440,CTGDB3,,STG1,5,55440_STG1
55451_CTG-1,55451,CTG-1,CTG1,MCC1,6,55451_MCC1
55451_CTG-2,55451,CTG-2,CTG2,MCC2,6,55451_MCC2
55451_CTG-3,55451,CTG-3,CTG3,MCC3,6,55451_MCC3
55455_CC1A,55455,CC1A,CT1A,CC1,6,55455_CC1
55455_CC1B,55455,CC1B,CT1B,CC1,6,55455_CC1
55455_CC2B,55455,CC2B,CT2B,CC2,6,55455_CC2
55455_CC2A,55455,CC2A,CT2A,CC2,6,55455_CC2
55457_CT1,55457,CT1,,G011,5,55457_G011
55457_CT2,55457,CT2,,G011,5,55457_G011
55463_CT-01,55463,CT-01,CT01,G112,6,55463_G112
55463_CT-02,55463,CT-02,CT02,G113,6,55463_G113
55463_CT-03,55463,CT-03,CT03,G114,6,55463_G114
55463_CT-04,55463,CT-04,CT04,G115,6,55463_G115
55464_CTG4,55464,CTG4,,CC1,5,55464_CC1
55464_CTG3,55464,CTG3,,CC1,5,55464_CC1
55464_CTG2,55464,CTG2,,CC1,5,55464_CC1
55464_CTG1,55464,CTG1,,CC1,5,55464_CC1
55464_CTG5,55464,CTG5,,CC1,5,55464_CC1
55467_CTGEN1,55467,CTGEN1,CTG1,PB01,6,55467_PB01
55467_CTGEN2,55467,CTGEN2,CTG2,PB02,6,55467_PB02
55467_CTGEN3,55467,CTGEN3,CTG3,PB03,6,55467_PB03
55470_EPN801,55470,EPN801,,CC2,5,55470_CC2
55470_EPN803,55470,EPN803,,CC2,5,55470_CC2
55470_EPN802,55470,EPN802,,CC2,5,55470_CC2
55480_U2,55480,U2,U2,BLK1,6,55480_BLK1
55480_U1,55480,U1,U1,BLK1,6,55480_BLK1
55480_U3,55480,U3,U3,BLK1,6,55480_BLK1
55480_U5,55480,U5,U5,BLK2,6,55480_BLK2
55480_U4,55480,U4,U4,BLK2,6,55480_BLK2
55480_U6,55480,U6,U6,BLK2,6,55480_BLK2
55481_1,55481,1,,BLK2,5,55481_BLK2
55481_6,55481,6,ST2,BLK2,2,55481_BLK2
55481_2,55481,2,,BLK2,5,55481_BLK2
55481_5,55481,5,ST2,BLK2,2,55481_BLK2
55482_CT-1,55482,CT-1,,CC1,5,55482_CC1
55501_CTGDB2,55501,CTGDB2,CTG2,STG1,6,55501_STG1
55501_CTGDB1,55501,CTGDB1,CTG1,STG1,6,55501_STG1
55501_CTGDB4,55501,CTGDB4,CTG4,STG2,6,55501_STG2
55501_CTGDB3,55501,CTGDB3,CTG3,STG2,6,55501_STG2
55502_2,55502,2,1200,CC1,6,55502_CC1
55502_1,55502,1,1100,CC1,6,55502_CC1
55502_3,55502,3,2100,CC2,6,55502_CC2
55502_4,55502,4,2200,CC2,6,55502_CC2
55503_2,55503,2,,CC1,5,55503_CC1
55503_3,55503,3,,CC1,5,55503_CC1
55503_1,55503,1,,CC1,5,55503_CC1
55514_CTG02,55514,CTG02,STG1,CC1,2,55514_CC1
55514_CTG01,55514,CTG01,STG1,CC1,2,55514_CC1
55516_CTG2,55516,CTG2,,CC1,5,55516_CC1
55516_CTG1,55516,CTG1,,CC1,5,55516_CC1
55518_CTG3,55518,CTG3,,STG1,5,55518_STG1
55518_CTG2,55518,CTG2,,STG1,5,55518_STG1
55518_CTG1,55518,CTG1,,STG1,5,55518_STG1
55524_3,55524,3,CTG3,CCB1,6,55524_CCB1
55524_2,55524,2,CTG2,CCB1,6,55524_CCB1
55524_1,55524,1,CTG1,CCB1,6,55524_CCB1
55558_B06,55558,B06,,CC1,5,55558_CC1
55620_1-2,55620,1-2,ST-1,PB01,2,55620_PB01
55620_1-1,55620,1-1,ST-1,PB01,2,55620_PB01
55641_CT-02,55641,CT-02,CTG2,S112,6,55641_S112
55641_CT-01,55641,CT-01,CTG1,S112,6,55641_S112
55656_CT002,55656,CT002,CT02,PB01,6,55656_PB01
55656_CT001,55656,CT001,CT01,PB01,6,55656_PB01
55656_CT004,55656,CT004,CT04,PB02,6,55656_PB02
55661_2,55661,2,,CC1,5,55661_CC1
55661_1,55661,1,,CC1,5,55661_CC1
55662_CT1,55662,CT1,,CC1,5,55662_CC1
55662_CT2,55662,CT2,,CC1,5,55662_CC1
55664_GT-2,55664,GT-2,,CC1,5,55664_CC1
55664_GT-1,55664,GT-1,,CC1,5,55664_CC1
55667_CT01,55667,CT01,,CC01,5,55667_CC01
55667_CT02,55667,CT02,,CC01,5,55667_CC01
55687_BHG1,55687,BHG1,,PB1,5,55687_PB1
55687_BHG2,55687,BHG2,,PB1,5,55687_PB1
55690_2,55690,2,CTG2,1234,6,55690_1234
55690_3,55690,3,CTG3,1234,6,55690_1234
55690_1,55690,1,CTG1,1234,6,55690_1234
55690_5,55690,5,CTG5,5678,6,55690_5678
55690_7,55690,7,CTG7,5678,6,55690_5678
55690_6,55690,6,CTG6,5678,6,55690_5678
55694_AA-001,55694,AA-001,,CC1,5,55694_CC1
55694_AA-002,55694,AA-002,,CC1,5,55694_CC1
55700_CTG1,55700,CTG1,,CC1,5,55700_CC1
55701_CT02,55701,CT02,,CC1,5,55701_CC1
55701_CT01,55701,CT01,,CC1,5,55701_CC1
55706_CTG2,55706,CTG2,,CC1,5,55706_CC1
55706_CTG1,55706,CTG1,,CC1,5,55706_CC1
55706_CTG3,55706,CTG3,,CC1,5,55706_CC1
55710_3,55710,3,,CC1,5,55710_CC1
55710_4,55710,4,,CC1,5,55710_CC1
55714_SN-01,55714,SN-01,,MC1,5,55714_MC1
55714_SN-02,55714,SN-02,,MC1,5,55714_MC1
55736_CTG1,55736,CTG1,1GT1,CC1,6,55736_CC1
55736_CTG2,55736,CTG2,1GT2,CC1,6,55736_CC1
55736_CTG4,55736,CTG4,2GT2,CC2,6,55736_CC2
55736_CTG3,55736,CTG3,2GT1,CC2,6,55736_CC2
55748_CTG3,55748,CTG3,,CC1,5,55748_CC1
55748_CTG4,55748,CTG4,,CC1,5,55748_CC1
55748_CTG1,55748,CTG1,,CC1,5,55748_CC1
55748_CTG2,55748,CTG2,,CC1,5,55748_CC1
55801_0001,55801,0001,,CCG1,5,55801_CCG1
55801_0002,55801,0002,,CCG1,5,55801_CCG1
55801_0003,55801,0003,,CCG1,5,55801_CCG1
55818_F1CT,55818,F1CT,,FP1,5,55818_FP1
55821_26,55821,26,C,G105,2,55821_G105
55821_25,55821,25,C,G105,2,55821_G105
55835_2,55835,2,,RKM0,5,55835_RKM0
55835_1,55835,1,,RKM0,5,55835_RKM0
55841_A03,55841,A03,ST1,PB1,2,55841_PB1
55841_A01,55841,A01,ST1,PB1,2,55841_PB1
55853_1,55853,1,1,1,3,55853_1
55853_2,55853,2,2,2,3,55853_2
55927_CT02,55927,CT02,,JASP,5,55927_JASP
55927_CT01,55927,CT01,,JASP,5,55927_JASP
55927_CT03,55927,CT03,,JASP,5,55927_JASP
55933_TPP1,55933,TPP1,,CC12,5,55933_CC12
55933_TPP2,55933,TPP2,,CC12,5,55933_CC12
55939_1C,55939,1C,,WC01,5,55939_WC01
55939_1B,55939,1B,,WC01,5,55939_WC01
55939_1A,55939,1A,,WC01,5,55939_WC01
55965_6B,55965,6B,ST6,G106,2,55965_G106
55965_6A,55965,6A,ST6,G106,2,55965_G106
55965_7B,55965,7B,ST7,G107,2,55965_G107
55965_7A,55965,7A,ST7,G107,2,55965_G107
55970_2,55970,2,,CCC1,5,55970_CCC1
55970_3,55970,3,,CCC1,5,55970_CCC1
55976_CT101,55976,CT101,,CT1,5,55976_CT1
55976_CT201,55976,CT201,,CT1,5,55976_CT1
55976_CT301,55976,CT301,,CT1,5,55976_CT1
55977_CTG-1,55977,CTG-1,,CC1,5,55977_CC1
55985_CTG2,55985,CTG2,,CC1,5,55985_CC1
55985_CTG1,55985,CTG1,,CC1,5,55985_CC1
56026_PCT1,56026,PCT1,,DVR1,5,56026_DVR1
56026_PCT2,56026,PCT2,,DVR1,5,56026_DVR1
56031_CTG-2,56031,CTG-2,,CC1,5,56031_CC1
56031_CTG-1,56031,CTG-1,,CC1,5,56031_CC1
56041_M2,56041,M2,M3,MGS,2,56041_MGS
56041_M1,56041,M1,M3,MGS,2,56041_MGS
56046_1,56046,1,,CC1,5,56046_CC1
56078_2,56078,2,,WEC,5,56078_WEC
56078_1,56078,1,,WEC,5,56078_WEC
56102_CTG1A,56102,CTG1A,,CC1,5,56102_CC1
56102_CTG1B,56102,CTG1B,,CC1,5,56102_CC1
56104_CT-2,56104,CT-2,CTG1,,6,56104_
56150_10B,56150,10B,10ST,G110,2,56150_G110
56150_10A,56150,10A,10ST,G110,2,56150_G110
56150_11A,56150,11A,11ST,G111,2,56150_G111
56150_11B,56150,11B,11ST,G111,2,56150_G111
56164_EU006,56164,EU006,,G861,5,56164_G861
56177_U1,56177,U1,,CC1,5,56177_CC1
56188_00001,56188,00001,,CC1,5,56188_CC1
56196_CTG7B,56196,CTG7B,,CC1,5,56196_CC1
56196_CTG7A,56196,CTG7A,,CC1,5,56196_CC1
56227_PWEU1,56227,PWEU1,,CCG1,5,56227_CCG1
56234_0001,56234,0001,,CC01,5,56234_CC01
56237_CT01,56237,CT01,CT01,CC1,6,56237_CC1
56237_CT02,56237,CT02,CT02,CC1,6,56237_CC1
56237_CT04,56237,CT04,CT22,CC2,6,56237_CC2
56237_CT03,56237,CT03,CT21,CC2,6,56237_CC2
56259_CT-1,56259,CT-1,,CC1,5,56259_CC1
56259_CT-2,56259,CT-2,,CC1,5,56259_CC1
56298_CT002,56298,CT002,,A101,5,56298_A101
56298_CT001,56298,CT001,,A101,5,56298_A101
56349_CT1B,56349,CT1B,CT1B,830,6,56349_830
56349_CT1A,56349,CT1A,CT1A,830,6,56349_830
56349_CT2B,56349,CT2B,CT2B,831,6,56349_831
56349_CT2A,56349,CT2A,CT2A,831,6,56349_831
56350_CT1A,56350,CT1A,CT1A,BLK1,6,56350_BLK1
56350_CT1B,56350,CT1B,CT1B,BLK1,6,56350_BLK1
56350_CT2B,56350,CT2B,CT2B,BLK2,6,56350_BLK2
56350_CT2A,56350,CT2A,CT2A,BLK2,6,56350_BLK2
56400_1,56400,1,,G761,5,56400_G761
56407_WCCT1A,56407,WCCT1A,1A,WC1,6,56407_WC1
56407_WCCT1B,56407,WCCT1B,1B,WC1,6,56407_WC1
56407_WCCT1C,56407,WCCT1C,1C,WC1,6,56407_WC1
56407_WCCT2C,56407,WCCT2C,2C,WC2,6,56407_WC2
56407_WCCT2B,56407,WCCT2B,2B,WC2,6,56407_WC2
56407_WCCT2A,56407,WCCT2A,2A,WC2,6,56407_WC2
56407_WCCT3A,56407,WCCT3A,3A,WC3,6,56407_WC3
56407_WCCT3B,56407,WCCT3B,3B,WC3,6,56407_WC3
56407_WCCT3C,56407,WCCT3C,3C,WC3,6,56407_WC3
56458_HOBB1,56458,HOBB1,,CC1,5,56458_CC1
56458_HOBB2,56458,HOBB2,,CC1,5,56458_CC1
56467_CT1,56467,CT1,,CC1,5,56467_CC1
56467_CT2,56467,CT2,,CC1,5,56467_CC1
56476_GT2,56476,GT2,,CC1,5,56476_CC1
56476_GT1,56476,GT1,,CC1,5,56476_CC1
564_CCB,564,CCB,,OUC,5,564_OUC
56532_CT2,56532,CT2,,CC1,5,56532_CC1
56532_CT1,56532,CT1,,CC1,5,56532_CC1
56610_01,56610,01,,CCU1,5,56610_CCU1
56798_U1,56798,U1,,CC01,5,56798_CC01
56798_U2,56798,U2,,CC01,5,56798_CC01
56806_CBY41,56806,CBY41,,CBY4,5,56806_CBY4
56806_CBY42,56806,CBY42,,CBY4,5,56806_CBY4
56807_1B,56807,1B,1C,CC1,2,56807_CC1
56807_1A,56807,1A,1C,CC1,2,56807_CC1
56963_E102,56963,E102,,700,5,56963_700
56963_E101,56963,E101,,700,5,56963_700
56998_CT04,56998,CT04,4,PB4,6,56998_PB4
56998_CT05,56998,CT05,5,PB4,6,56998_PB4
56998_CT07,56998,CT07,7,PB5,6,56998_PB5
56998_CT06,56998,CT06,6,PB5,6,56998_PB5
57028_CT1,57028,CT1,,LG1,5,57028_LG1
57037_AB-002,57037,AB-002,,1,5,57037_1
57037_AB-001,57037,AB-001,,1,5,57037_1
57349_1,57349,1,,GEC1,5,57349_GEC1
57703_CT01,57703,CT01,,PB1,5,57703_PB1
57703_CT02,57703,CT02,,PB1,5,57703_PB1
57839_0002,57839,0002,,CC1,5,57839_CC1
57839_0001,57839,0001,,CC1,5,57839_CC1
57978_CT1,57978,CT1,,CC1,5,57978_CC1
58001_CTG1,58001,CTG1,CTG-1,TMP1,6,58001_TMP1
58001_CTG2,58001,CTG2,CTG-2,TMP1,6,58001_TMP1
58001_CTG4,58001,CTG4,CTG-4,TMP2,6,58001_TMP2
58001_CTG3,58001,CTG3,CTG-3,TMP2,6,58001_TMP2
58005_CTG1,58005,CTG1,,CC1,5,58005_CC1
58005_CTG2,58005,CTG2,,CC1,5,58005_CC1
58079_U001,58079,U001,,CCST,5,58079_CCST
58079_U002,58079,U002,,CCST,5,58079_CCST
58427_200,58427,200,,CC1,5,58427_CC1
58427_100,58427,100,,CC1,5,58427_CC1
6042_MTCT3C,6042,MTCT3C,,G341,5,6042_G341
6042_MTCT3A,6042,MTCT3A,,G341,5,6042_G341
6042_MTCT3B,6042,MTCT3B,,G341,5,6042_G341
6042_MTCT3D,6042,MTCT3D,,G341,5,6042_G341
6043_HRSG3B,6043,HRSG3B,3GT2,C796,6,6043_C796
6043_HRSG3A,6043,HRSG3A,3GT1,C796,6,6043_C796
6043_HRSG4B,6043,HRSG4B,4GT2,C797,6,6043_C797
6043_HRSG4A,6043,HRSG4A,4GT1,C797,6,6043_C797
6043_PMR8C,6043,PMR8C,8,G342,2,6043_G342
6043_PMR8D,6043,PMR8D,8,G342,2,6043_G342
6043_PMR8A,6043,PMR8A,8,G342,2,6043_G342
6043_PMR8B,6043,PMR8B,8,G342,2,6043_G342
6073_3A,6073,3A,3ST,3,2,6073_3
6073_3B,6073,3B,3ST,3,2,6073_3
6073_4A,6073,4A,4ST,4,2,6073_4
6073_4B,6073,4B,4ST,4,2,6073_4
6081_001,6081,001,CT1,CC1,6,6081_CC1
6081_003,6081,003,CT3,CC1,6,6081_CC1
6081_002,6081,002,CT2,CC1,6,6081_CC1
609_CCCT3B,609,CCCT3B,,PCC,5,609_PCC
609_CCCT3C,609,CCCT3C,,PCC,5,609_PCC
609_CCCT3A,609,CCCT3A,,PCC,5,609_PCC
6112_2,6112,2,1,FSV0,2,6112_FSV0
6112_3,6112,3,1,FSV0,2,6112_FSV0
6112_4,6112,4,1,FSV0,2,6112_FSV0
612_FMCT2B,612,FMCT2B,,F901,5,612_F901
612_FMCT2C,612,FMCT2C,,F901,5,612_F901
612_FMCT2D,612,FMCT2D,,F901,5,612_F901
612_FMCT2E,612,FMCT2E,,F901,5,612_F901
612_FMCT2A,612,FMCT2A,,F901,5,612_F901
612_FMCT2F,612,FMCT2F,,F901,5,612_F901
613_4GT2,613,4GT2,4GT2,C791,6,613_C791
613_4GT1,613,4GT1,4GT1,C791,6,613_C791
613_5GT1,613,5GT1,5GT1,C792,6,613_C792
613_5GT2,613,5GT2,5GT2,C792,6,613_C792
619_RBCT5C,619,RBCT5C,,PRV,5,619_PRV
619_RBCT5B,619,RBCT5B,,PRV,5,619_PRV
619_RBCT5A,619,RBCT5A,,PRV,5,619_PRV
620_SNCT4A,620,SNCT4A,4A,G160,6,620_G160
620_SNCT4D,620,SNCT4D,4D,G160,6,620_G160
620_SNCT4B,620,SNCT4B,4B,G160,6,620_G160
620_SNCT4C,620,SNCT4C,4C,G160,6,620_G160
620_SNCT5B,620,SNCT5B,5B,G161,6,620_G161
620_SNCT5C,620,SNCT5C,5C,G161,6,620_G161
620_SNCT5D,620,SNCT5D,5D,G161,6,620_G161
620_SNCT5A,620,SNCT5A,5A,G161,6,620_G161
621_TPCT5D,621,TPCT5D,,G901,5,621_G901
621_TPCT5B,621,TPCT5B,,G901,5,621_G901
621_TPCT5A,621,TPCT5A,,G901,5,621_G901
621_TPCT5C,621,TPCT5C,,G901,5,621_G901
634_4B,634,4B,4ST,G981,2,634_G981
634_4C,634,4C,4ST,G981,2,634_G981
634_4A,634,4A,4ST,G981,2,634_G981
634_4D,634,4D,4ST,G981,2,634_G981
6358_1,6358,1,,CC1,5,6358_CC1
643_4,643,4,3S,G180,2,643_G180
643_5,643,5,3S,G180,2,643_G180
664_CC1,664,CC1,,G681,5,664_G681
675_**8,675,**8,,8CC,5,675_8CC
676_5,676,5,,5CC,5,676_5CC
688_2A,688,2A,2,CC1,2,688_CC1
689_8,689,8,,CC1,5,689_CC1
693_**5,693,**5,,**5,1,693_**5
7082_**5,7082,**5,,PB1,5,7082_PB1
7082_**6,7082,**6,,PB1,5,7082_PB1
710_4A,710,4A,4,G104,2,710_G104
710_4B,710,4B,4,G104,2,710_G104
710_5A,710,5A,5,G105,2,710_G105
710_5B,710,5B,5,G105,2,710_G105
710_6B,710,6B,6,G106,2,710_G106
710_6A,710,6A,6,G106,2,710_G106
7153_**3,7153,**3,HR1,CC1,6,7153_CC1
7153_2,7153,2,HR3,CC1,6,7153_CC1
7153_1,7153,1,HR2,CC1,6,7153_CC1
7153_6,7153,6,HR6,CC2,6,7153_CC2
7153_7,7153,7,HR7,CC2,6,7153_CC2
7153_5,7153,5,HR5,CC2,6,7153_CC2
7238_2,7238,2,2,UN1,6,7238_UN1
7238_3,7238,3,3,UN2,6,7238_UN2
7238_4,7238,4,4,UN3,6,7238_UN3
7242_**1,7242,**1,1CT,CC1,6,7242_CC1
7254_32432,7254,32432,,32432,1,7254_32432
7266_2,7266,2,,CC1,5,7266_CC1
7296_2-1,7296,2-1,,CC1,5,7296_CC1
7296_2-2,7296,2-2,,CC1,5,7296_CC1
7302_1B,7302,1B,1ST,E100,2,7302_E100
7302_1A,7302,1A,1ST,E100,2,7302_E100
7302_2B,7302,2B,2ST,F110,2,7302_F110
7302_2A,7302,2A,2ST,F110,2,7302_F110
7302_3A,7302,3A,3ST,G301,2,7302_G301
7302_3B,7302,3B,3ST,G301,2,7302_G301
7302_4A,7302,4A,4ST,H400,2,7302_H400
7302_4B,7302,4B,4ST,H400,2,7302_H400
7307_5,7307,5,,101,5,7307_101
7314_001,7314,001,,CC1,5,7314_CC1
7345_1,7345,1,,1,4,7345_1
7350_CTG2,7350,CTG2,,CC1,5,7350_CC1
7350_CTG1,7350,CTG1,,CC1,5,7350_CC1
7380_1,7380,1,2,,6,7380_
7380_2,7380,2,CT1,CCU1,6,7380_CCU1
7527_1,7527,1,,CC1,5,7527_CC1
7551_1A,7551,1A,,CCC1,5,7551_CCC1
7551_1B,7551,1B,,CCC1,5,7551_CCC1
7552_1,7552,1,,CCC1,5,7552_CCC1
7604_1,7604,1,,1,4,7604_1
7604_2,7604,2,,2,4,7604_2
7605_1,7605,1,1,1,3,7605_1
762_3,762,3,,3,4,762_3
7697_CC1,7697,CC1,,G523,5,7697_G523
7698_CC1,7698,CC1,,G524,5,7698_G524
7699_1,7699,1,CW1,G200,2,7699_G200
7710_3B,7710,3B,ST3,G100,2,7710_G100
7710_3A,7710,3A,ST3,G100,2,7710_G100
7710_1A,7710,1A,ST1,G481,2,7710_G481
7710_1B,7710,1B,ST1,G481,2,7710_G481
7710_2A,7710,2A,ST2,G501,2,7710_G501
7710_2B,7710,2B,ST2,G501,2,7710_G501
7721_CC1,7721,CC1,,G525,5,7721_G525
7757_2,7757,2,3,CC1,2,7757_CC1
7757_1,7757,1,3,CC1,2,7757_CC1
7757_3,7757,3,6,CC2,2,7757_CC2
7757_4,7757,4,6,CC2,2,7757_CC2
7762_HRSG1,7762,HRSG1,,HRSG1,1,7762_HRSG1
7762_HRSG2,7762,HRSG2,,HRSG2,1,7762_HRSG2
7805_8,7805,8,8,1,6,7805_1
7805_7,7805,7,7,1,6,7805_1
7805_10,7805,10,10,2,6,7805_2
7805_9,7805,9,9,2,6,7805_2
7826_5,7826,5,STG,G102,2,7826_G102
7826_4,7826,4,STG,G102,2,7826_G102
7834_CT1B,7834,CT1B,CT1B,PB1,6,7834_PB1
7834_CT1A,7834,CT1A,CT1A,PB1,6,7834_PB1
7845_LCC2,7845,LCC2,,CC1,5,7845_CC1
7845_LCC1,7845,LCC1,,CC1,5,7845_CC1
7846_2,7846,2,,CC1,5,7846_CC1
7846_3,7846,3,,CC1,5,7846_CC1
7870_CT1,7870,CT1,,CC1,5,7870_CC1
7870_CT2,7870,CT2,,CC1,5,7870_CC1
7870_CT3,7870,CT3,,CC1,5,7870_CC1
7873_CT1A,7873,CT1A,1A,CC1,6,7873_CC1
7873_CT1C,7873,CT1C,1C,CC1,6,7873_CC1
7873_CT1B,7873,CT1B,1B,CC1,6,7873_CC1
7873_CT2B,7873,CT2B,2B,CC2,6,7873_CC2
7873_CT2C,7873,CT2C,2C,CC2,6,7873_CC2
7873_CT2D,7873,CT2D,2D,CC2,6,7873_CC2
7873_CT2A,7873,CT2A,2A,CC2,6,7873_CC2
7887_SVGS3,7887,SVGS3,,CC1,5,7887_CC1
7887_SVGS2,7887,SVGS2,,CC1,5,7887_CC1
7897_1B,7897,1B,ST1,G103,2,7897_G103
7897_1A,7897,1A,ST1,G103,2,7897_G103
7897_2B,7897,2B,ST2,G104,2,7897_G104
7897_2A,7897,2A,ST2,G104,2,7897_G104
7900_SH5,7900,SH5,,CC1,5,7900_CC1
7917_8B,7917,8B,3,2224,2,7917_2224
7917_8A,7917,8A,3,2224,2,7917_2224
7946_CT9A,7946,CT9A,,CC1,5,7946_CC1
7946_CT9B,7946,CT9B,,CC1,5,7946_CC1
7985_2,7985,2,,CC1,5,7985_CC1
7985_1,7985,1,,CC1,5,7985_CC1
7999_2,7999,2,,CC01,5,7999_CC01
7999_1,7999,1,,CC01,5,7999_CC01
8000_2,8000,2,,CC1,5,8000_CC1
8000_1,8000,1,,CC1,5,8000_CC1
8031_12,8031,12,,G821,5,8031_G821
8031_11,8031,11,,G821,5,8031_G821
8059_7252,8059,7252,1S,CC1,2,8059_CC1
8059_7251,8059,7251,1S,CC1,2,8059_CC1
8068_5A,8068,5A,ST5S,STS5,2,8068_STS5
8068_5B,8068,5B,ST5S,STS5,2,8068_STS5
8068_6A,8068,6A,ST6S,STS6,2,8068_STS6
862_CT01,862,CT01,1,CC01,6,862_CC01
862_CT02,862,CT02,2,CC02,6,862_CC02
